COMMAND,MAJOR,MINOR,GROUP
PERF_RES_CPUFREQ_MIN_CLUSTER_0,1,0,0
PERF_RES_CPUFREQ_MIN_CLUSTER_1,1,0,1
PERF_RES_CPUFREQ_MIN_CLUSTER_2,1,0,2
PERF_RES_CPUFREQ_MAX_CLUSTER_0,1,1,0
PERF_RES_CPUFREQ_MAX_CLUSTER_1,1,1,1
PERF_RES_CPUFREQ_MAX_CLUSTER_2,1,1,2
PERF_RES_CPUFREQ_MIN_HL_CLUSTER_0,1,2,0
PERF_RES_CPUFREQ_MIN_HL_CLUSTER_1,1,2,1
PERF_RES_CPUFREQ_MIN_HL_CLUSTER_2,1,2,2
PERF_RES_CPUFREQ_MAX_HL_CLUSTER_0,1,3,0
PERF_RES_CPUFREQ_MAX_HL_CLUSTER_1,1,3,1
PERF_RES_CPUFREQ_MAX_HL_CLUSTER_2,1,3,2
PERF_RES_CPUFREQ_CCI_FREQ,1,4,0
PERF_RES_CPUFREQ_PERF_MODE,1,5,0
PERF_RES_CPUCORE_MIN_CLUSTER_0,2,0,0
PERF_RES_CPUCORE_MIN_CLUSTER_1,2,0,1
PERF_RES_CPUCORE_MIN_CLUSTER_2,2,0,2
PERF_RES_CPUCORE_MAX_CLUSTER_0,2,1,0
PERF_RES_CPUCORE_MAX_CLUSTER_1,2,1,1
PERF_RES_CPUCORE_MAX_CLUSTER_2,2,1,2
PERF_RES_CPUCORE_PERF_MODE,2,2,0
PERF_RES_CPUCORE_FORCE_PAUSE_CPU,2,3,0
PERF_RES_CPUCORE_ONLINE_CPU_0,2,4,0
PERF_RES_CPUCORE_ONLINE_CPU_1,2,4,1
PERF_RES_CPUCORE_ONLINE_CPU_2,2,4,2
PERF_RES_CPUCORE_ONLINE_CPU_3,2,4,3
PERF_RES_CPUCORE_ONLINE_CPU_4,2,4,4
PERF_RES_CPUCORE_ONLINE_CPU_5,2,4,5
PERF_RES_CPUCORE_ONLINE_CPU_6,2,4,6
PERF_RES_CPUCORE_ONLINE_CPU_7,2,4,7
PERF_RES_GPU_FREQ_MIN,3,0,0
PERF_RES_GPU_FREQ_MIN_HL,3,0,1
PERF_RES_GPU_FREQ_MAX,3,1,0
PERF_RES_GPU_FREQ_MAX_HL,3,1,1
PERF_RES_GPU_FREQ_LOW_LATENCY,3,2,0
PERF_RES_GPU_GED_BENCHMARK_ON,3,3,0
PERF_RES_GPU_GED_MARGIN_MODE,3,3,1
PERF_RES_GPU_GED_TIMER_BASE_DVFS_MARGIN,3,3,2
PERF_RES_GPU_GED_LOADING_BASE_DVFS_STEP,3,3,3
PERF_RES_GPU_GED_CWAITG,3,3,4
PERF_RES_GPU_GED_GX_BOOST,3,3,5
PERF_RES_GPU_GED_DVFS_LOADING_MODE,3,3,6
PERF_RES_GPU_GED_DVFS_WORKLOAD_MODE,3,3,7
PERF_RES_GPU_POWER_POLICY,3,4,0
PERF_RES_GPU_POWER_ONOFF_INTERVAL,3,4,1
PERF_RES_GPU_ACP_HINT,3,5,0
PERF_RES_GPU_BW_MODE_HINT,3,6,0
PERF_RES_GPU_DCS_POLICY,3,7,0
PERF_RES_GPU_FW_IDLE,3,8,0
PERF_RES_GPU_BLOCK_API_BOOST,3,9,0
PERF_RES_GPU_GED_LOADING_BASE_WINDOW_SIZE,3,10,1
PERF_RES_GPU_GED_LOADING_BASE_STRIDE_SIZE,3,10,2
PERF_RES_GPU_GED_FALLBACK_TIMING,3,11,1
PERF_RES_GPU_GED_FALLBACK_INTERVAL,3,11,2
PERF_RES_GPU_GED_FALLBACK_WINDOW_SIZE,3,11,3
PERF_RES_GPU_GED_FALLBACK_FREQUENCY_ADJUST,3,11,4
PERF_RES_GPU_GED_FRAME_BASE_THRESHOLD,3,12,1
PERF_RES_GPU_RECLAIM_POLICY,3,13,0
PERF_RES_DRAM_OPP_MIN,4,0,0
PERF_RES_DRAM_OPP_MIN_LP5,4,0,1
PERF_RES_DRAM_OPP_MIN_LP5_HFR,4,0,2
PERF_RES_DRAM_VCORE_MIN,4,1,0
PERF_RES_DRAM_VCORE_MIN_LP3,4,1,1
PERF_RES_DRAM_VCORE_BW_ENABLE,4,2,0
PERF_RES_DRAM_VCORE_BW_THRES,4,2,1
PERF_RES_DRAM_VCORE_BW_THRESH_LP3,4,2,2
PERF_RES_DRAM_VCORE_POLICY,4,3,0
PERF_RES_DRAM_CM_MGR,4,4,0
PERF_RES_DRAM_CM_MGR_AGGRESSIVE,4,4,3
PERF_RES_DRAM_CM_MGR_CAM_ENABLE,4,4,1
PERF_RES_DRAM_CM_MGR_MAP_DRAM_ENABLE,4,4,2
PERF_RES_DRAM_CM_MGR_CM_HINT_MASK,4,4,4
PERF_RES_DRAM_CM_MGR_DSU_HINT,4,4,5
PERF_RES_DRAM_CM_MGR_DSU_LMODE,4,4,6
PERF_RES_DRAM_CM_MGR_DRAM_OPP_FLOOR,4,4,7
PERF_RES_DRAM_CM_MGR_DRAM_OPP_CEIL,4,4,8
PERF_RES_DRAM_DVFS_QOS_MODE,4,4,9
PERF_RES_DRAM_CM_MGR_MAP_DRAM_OPP,4,4,10
PERF_RES_DRAM_CM_RATIO_UP_X_0,4,5,0
PERF_RES_DRAM_CM_RATIO_UP_X_1,4,5,1
PERF_RES_DRAM_CM_RATIO_UP_X_2,4,5,2
PERF_RES_DRAM_CM_RATIO_UP_X_3,4,5,3
PERF_RES_DRAM_CM_RATIO_UP_X_4,4,5,4
PERF_RES_DRAM_CM_PASSIVE,4,5,5
PERF_RES_DRAM_VM_SWAPINESS              ,4,11,0
PERF_RES_DRAM_VM_DROP_CACHES            ,4,11,1
PERF_RES_DRAM_VM_WATERMARK_EXTRAKBYTESADJ,4,11,2
PERF_RES_DRAM_VM_WATERMARK_SCALEFACTOR,4,11,3
PERF_RES_DRAM_LMK_KILL_TIMEOUT,4,12,0
PERF_RES_DRAM_LMK_KILL_HEAVIEST_TASK,4,12,1
PERF_RES_DRAM_LMK_RELEASE_MEM,4,12,2
PERF_RES_DRAM_LMK_THRASHING_LIMIT,4,12,3
PERF_RES_DRAM_LMK_SWAP_FREE_LOW_PERCENT,4,12,4
PERF_RES_DRAM_LMK_MINFREE_SCALEFACTOR,4,12,5
PERF_RES_DRAM_DURASPEED_CPUTHRESHOLD,4,21,0
PERF_RES_DRAM_DURASPEED_CPUTARGET,4,21,1
PERF_RES_DRAM_DURASPEED_POLICYLEVEL,4,21,2
PERF_RES_SCHED_BOOST_VALUE_ROOT,5,0,0
PERF_RES_SCHED_BOOST_VALUE_FG,5,0,1
PERF_RES_SCHED_BOOST_VALUE_BG,5,0,2
PERF_RES_SCHED_BOOST_VALUE_TA,5,0,3
PERF_RES_SCHED_BOOST_VALUE_RT,5,0,4
PERF_RES_SCHED_PREFER_IDLE_ROOT,5,1,0
PERF_RES_SCHED_PREFER_IDLE_FG,5,1,1
PERF_RES_SCHED_PREFER_IDLE_BG,5,1,2
PERF_RES_SCHED_PREFER_IDLE_TA,5,1,3
PERF_RES_SCHED_PREFER_IDLE_RT,5,1,4
PERF_RES_SCHED_PREFER_IDLE_PER_TASK,5,1,5
PERF_RES_SCHED_PREFER_IDLE_SYS,5,1,6
PERF_RES_SCHED_PREFER_IDLE_SYSBG,5,1,7
PERF_RES_SCHED_UCLAMP_MIN_ROOT,5,2,0
PERF_RES_SCHED_UCLAMP_MIN_FG,5,2,1
PERF_RES_SCHED_UCLAMP_MIN_BG,5,2,2
PERF_RES_SCHED_UCLAMP_MIN_TA,5,2,3
PERF_RES_SCHED_UCLAMP_MIN_RT,5,2,4
PERF_RES_SCHED_UCLAMP_MIN_SYS,5,2,5
PERF_RES_SCHED_UCLAMP_MAX_ROOT,5,2,6
PERF_RES_SCHED_UCLAMP_MAX_FG,5,2,7
PERF_RES_SCHED_UCLAMP_MAX_BG,5,2,8
PERF_RES_SCHED_UCLAMP_MAX_TA,5,2,9
PERF_RES_SCHED_UCLAMP_MAX_RT,5,2,10
PERF_RES_SCHED_UCLAMP_MAX_SYS,5,2,11
PERF_RES_SCHED_UCLAMP_MIN_SYSBG,5,2,12
PERF_RES_SCHED_UCLAMP_MAX_SYSBG,5,2,13
PERF_RES_SCHED_TUNE_THRES,5,3,0
PERF_RES_SCHED_BOOST,5,4,0
PERF_RES_SCHED_MIGRATE_COST,5,5,0
PERF_RES_SCHED_CPU_PREFER_TASK_1_BIG,5,6,0
PERF_RES_SCHED_CPU_PREFER_TASK_1_LITTLE,5,6,1
PERF_RES_SCHED_CPU_PREFER_TASK_1_RESERVED,5,6,2
PERF_RES_SCHED_CPU_PREFER_TASK_2_BIG,5,6,3
PERF_RES_SCHED_CPU_PREFER_TASK_2_LITTLE,5,6,4
PERF_RES_SCHED_CPU_PREFER_TASK_2_RESERVED,5,6,5
PERF_RES_SCHED_CPUSET_TA,5,6,6
PERF_RES_SCHED_BTASK_ROTATE,5,7,0
PERF_RES_SCHED_CACHE_AUDIT,5,8,0
PERF_RES_SCHED_CACHE_PART_CTRL,5,8,1
PERF_RES_SCHED_CACHE_SET_CT_ROOT,5,8,2
PERF_RES_SCHED_CACHE_SET_CT_TA,5,8,3
PERF_RES_SCHED_CACHE_SET_CT_FG,5,8,4
PERF_RES_SCHED_CACHE_SET_CT_BG,5,8,5
PERF_RES_SCHED_CACHE_SET_CT_SYSBG,5,8,6
PERF_RES_SCHED_CACHE_SET_CT_RT,5,8,7
PERF_RES_SCHED_CACHE_SET_CT_SYS,5,8,8
PERF_RES_SCHED_CACHE_SET_CT_TASK,5,8,9
PERF_RES_SCHED_CACHE_SET_NCT_TASK,5,8,10
PERF_RES_SCHED_CACHE_CPUQOS_MODE,5,8,11
PERF_RES_SCHED_PLUS_DOWN_THROTTLE_NS,5,9,0
PERF_RES_SCHED_PLUS_UP_THROTTLE_NS,5,9,1
PERF_RES_SCHED_PLUS_SYNC_FLAG,5,9,2
PERF_RES_SCHED_PLUS_DOWN_THROTTLE_US,5,9,3
PERF_RES_SCHED_PLUS_UP_THROTTLE_US,5,9,4
PERF_RES_SCHED_MTK_PREFER_IDLE,5,10,0
PERF_RES_SCHED_HEAVY_TASK_THRES,5,11,0
PERF_RES_SCHED_HEAVY_TASK_AVG_HTASK_AC,5,11,1
PERF_RES_SCHED_HEAVY_TASK_AVG_HTASK_THRES,5,11,2
PERF_RES_SCHED_WALT,5,12,0
PERF_RES_SCHED_PELT_HALFLIFE,5,12,1
PERF_RES_SCHED_PELT_THROTTLE_MS,5,12,2
PERF_RES_SCHED_PELT_HALFLIFE_HIGH_PRIORITY,5,12,3
PERF_RES_SCHED_PREFER_CPU_ROOT,5,13,0
PERF_RES_SCHED_PREFER_CPU_FG,5,13,1
PERF_RES_SCHED_PREFER_CPU_BG,5,13,2
PERF_RES_SCHED_PREFER_CPU_TA,5,13,3
PERF_RES_SCHED_PREFER_CPU_RT,5,13,4
PERF_RES_SCHED_PREFER_CPU_SYSBG,5,13,5
PERF_RES_SCHED_UTIL_RATE_LIMIT_US_CLUSTER_0,5,14,0
PERF_RES_SCHED_UTIL_RATE_LIMIT_US_CLUSTER_1,5,14,1
PERF_RES_SCHED_UTIL_RATE_LIMIT_US_CLUSTER_2,5,14,2
PERF_RES_SCHED_UTIL_UP_RATE_LIMIT_US_CLUSTER_0,5,14,3
PERF_RES_SCHED_UTIL_UP_RATE_LIMIT_US_CLUSTER_1,5,14,4
PERF_RES_SCHED_UTIL_UP_RATE_LIMIT_US_CLUSTER_2,5,14,5
PERF_RES_SCHED_UTIL_DOWN_RATE_LIMIT_US_CLUSTER_0,5,14,6
PERF_RES_SCHED_UTIL_DOWN_RATE_LIMIT_US_CLUSTER_1,5,14,7
PERF_RES_SCHED_UTIL_DOWN_RATE_LIMIT_US_CLUSTER_2,5,14,8
PERF_RES_SCHED_ISOLATION_CPU,5,15,0
PERF_RES_SCHED_CORE_CTL_POLICY_ENABLE,5,15,1
PERF_RES_SCHED_OFFLINE_THROTTLE_MS_CLUSTER_0,5,15,2
PERF_RES_SCHED_OFFLINE_THROTTLE_MS_CLUSTER_1,5,15,3
PERF_RES_SCHED_OFFLINE_THROTTLE_MS_CLUSTER_2,5,15,4
PERF_RES_SCHED_BTASK_UP_THRESH_CLUSTER_0,5,15,5
PERF_RES_SCHED_BTASK_UP_THRESH_CLUSTER_1,5,15,6
PERF_RES_SCHED_CPU_CORE_NOT_PREFERRED,5,15,7
PERF_RES_SCHED_CORE_CTL_CPU_BUSY_THRES_0,5,15,8
PERF_RES_SCHED_CORE_CTL_CPU_BUSY_THRES_1,5,15,9
PERF_RES_SCHED_CORE_CTL_CPU_BUSY_THRES_2,5,15,10
PERF_RES_SCHED_NEWLY_IDLE_BALANCE_INTERVAL,5,16,0
PERF_RES_SCHED_THERMAL_HEADROOM_INTERVAL_TICK,5,16,1
PERF_RES_SCHED_SYSTEM_MASK,5,16,2
PERF_RES_SCHED_SBB_ALL_SET,5,17,0
PERF_RES_SCHED_SBB_ALL_UNSET,5,17,1
PERF_RES_SCHED_SBB_GROUP_SET,5,17,2
PERF_RES_SCHED_SBB_GROUP_UNSET,5,17,3
PERF_RES_SCHED_SBB_TASK_SET,5,17,4
PERF_RES_SCHED_SBB_TASK_UNSET,5,17,5
PERF_RES_SCHED_SBB_ACTIVE_RATIO,5,17,6
PERF_RES_SCHED_TASK_IDLE_PREFER_SET,5,17,7
PERF_RES_SCHED_UTIL_EST_CONTROL,5,17,8
PERF_RES_SCHED_TARGET_FREQ_C0,5,17,9
PERF_RES_SCHED_TARGET_MARGIN_C0,5,17,10
PERF_RES_SCHED_TARGET_FREQ_C1,5,17,11
PERF_RES_SCHED_TARGET_MARGIN_C1,5,17,12
PERF_RES_SCHED_TARGET_FREQ_C2,5,17,13
PERF_RES_SCHED_TARGET_MARGIN_C2,5,17,14
PERF_RES_AI_VPU_FREQ_MIN_CORE_0,6,0,0
PERF_RES_AI_VPU_FREQ_MIN_CORE_1,6,0,1
PERF_RES_AI_VPU_FREQ_MAX_CORE_0,6,1,0
PERF_RES_AI_VPU_FREQ_MAX_CORE_1,6,1,1
PERF_RES_AI_MDLA_FREQ_MIN,6,2,0
PERF_RES_AI_MDLA_FREQ_MAX,6,3,0
PERF_RES_AI_APUSYS_BOOST_IPU_IF,6,4,0
PERF_RES_POWER_CPUFREQ_HISPEED_FREQ,7,0,0
PERF_RES_POWER_CPUFREQ_MIN_SAMPLE_TIME,7,1,0
PERF_RES_POWER_CPUFREQ_ABOVE_HISPEED_DELAY,7,2,0
PERF_RES_POWER_CPUFREQ_POWER_MODE,7,3,0
PERF_RES_POWER_HPS_THRESH_UP,7,4,0
PERF_RES_POWER_HPS_THRESH_DOWN,7,4,1
PERF_RES_POWER_HPS_TIMES_UP,7,5,0
PERF_RES_POWER_HPS_TIMES_DOWN,7,5,1
PERF_RES_POWER_HPS_RUSH_BOOST_ENABLE,7,6,0
PERF_RES_POWER_HPS_RUSH_BOOST_THRESH,7,6,1
PERF_RES_POWER_HPS_HEAVY_TASK,7,7,0
PERF_RES_POWER_HPS_POWER_MODE,7,8,0
PERF_RES_POWER_PPM_ROOT_CLUSTER,7,9,0
PERF_RES_POWER_PPM_MODE,7,10,0
PERF_RES_POWER_PPM_HICA_VAR,7,11,0
PERF_RES_POWER_PPM_LIMIT_BIG,7,12,0
PERF_RES_POWER_PPM_SPORTS_MODE,7,13,0
PERF_RES_POWER_PPM_USERLIMIT_BOOST,7,14,0
PERF_RES_POWER_CPUIDLE_MCDI_ENABLE,7,15,0
PERF_RES_PM_QOS_CPUIDLE_MCDI_ENABLE,7,15,1
PERF_RES_PM_QOS_CPU_DMA_LATENCY_VALUE,7,15,2
PERF_RES_POWER_SYSLIMITER_60,7,16,0
PERF_RES_POWER_SYSLIMITER_90,7,16,1
PERF_RES_POWER_SYSLIMITER_120,7,16,2
PERF_RES_POWER_SYSLIMITER_144,7,16,3
PERF_RES_POWER_SYSLIMITER,7,16,4
PERF_RES_POWER_SYSLIMITER_DISABLE,7,17,0
PERF_RES_POWER_SYSLIMITER_TARGET_FPS_TOLERANCE_PERCENT,7,17,1
PERF_RES_FPS_FSTB_FPS_LOWER,8,0,0
PERF_RES_FPS_FSTB_FPS_UPPER,8,0,1
PERF_RES_FPS_FSTB_TARGET_FPS_PID,8,0,2
PERF_RES_FPS_FPSGO_NOCTL,8,0,3
PERF_RES_FPS_FPSGO_CTL,8,0,4
PERF_RES_FPS_FPSGO_RENDER_PID,8,0,5
PERF_RES_FPS_FPSGO_ENABLE,8,1,0
PERF_RES_FPS_FPSGO_FORCE_ONOFF,8,1,1
PERF_RES_FPS_FPSGO_STOP_BOOST,8,1,2
PERF_RES_FPS_FPSGO_CONTROL,8,1,3
PERF_RES_FPS_FPSGO_BYPASS_NONSF,8,1,4
PERF_RES_FPS_FPSGO_CONTROL_API_MASK,8,1,5
PERF_RES_FPS_FPSGO_CONTROL_HWUI,8,1,6
PERF_RES_FPS_FPSGO_CONTROL_BY_PID,8,1,7
PERF_RES_FPS_FSTB_FORCE_VAG,8,2,0
PERF_RES_FPS_FSTB_JUMP_CHECK_NUM,8,2,1
PERF_RES_FPS_FSTB_JUMP_CHECK_Q_PCT,8,2,2
PERF_RES_FPS_FSTB_ADOPT_LOW_FPS,8,2,3
PERF_RES_FPS_FPSGO_CAM,8,2,4
PERF_RES_FPS_CAM_ACTIVE_FPSGO_OFF,8,2,5
PERF_RES_FPS_FBT_SHORT_RESCUE_NS,8,3,0
PERF_RES_FPS_FBT_MIN_RESCUE_PERCENT,8,3,1
PERF_RES_FPS_FBT_RESCUE_PERCENT_90,8,3,2
PERF_RES_FPS_FBT_RESCUE_PERCENT_120,8,3,3
PERF_RES_FPS_FBT_DEQTIME_BOUND,8,4,0
PERF_RES_FPS_FBT_FLOOR_BOUND,8,5,0
PERF_RES_FPS_FBT_KMIN,8,6,0
PERF_RES_FPS_FBT_VARIANCE,8,6,1
PERF_RES_FPS_FSTB_SOFT_FPS_LOWER,8,7,0
PERF_RES_FPS_FSTB_SOFT_FPS_UPPER,8,7,1
PERF_RES_FPS_FBT_BHR_OPP,8,8,0
PERF_RES_FPS_FBT_BHR,8,9,0
PERF_RES_FPS_EARA_BENCH,8,10,0
PERF_RES_FPS_FPSGO_GPU_BLOCK_BOOST,8,11,0
PERF_RES_FPS_FBT_BOOST_TA,8,12,0
PERF_RES_FPS_FPSGO_MARGIN_MODE,8,13,0
PERF_RES_FPS_FPSGO_MARGIN_MODE_DBNC_A,8,13,1
PERF_RES_FPS_FPSGO_MARGIN_MODE_DBNC_B,8,13,2
PERF_RES_FPS_FSTB_TARGET_FPS_MARGIN,8,13,3
PERF_RES_FPS_EARA_THERMAL_ENABLE,8,14,0
PERF_RES_FPS_FBT_RESCUE_F,8,15,0
PERF_RES_FPS_FBT_RESCUE_PERCENT,8,15,1
PERF_RES_FPS_FBT_ULTRA_RESCUE,8,15,2
PERF_RES_FPS_FBT_RESCUE_C,8,15,3
PERF_RES_FPS_FBT_RESCUE_CHECK,8,15,4
PERF_RES_FPS_FBT_RESCUE_SECOND_ENABLE,8,15,5
PERF_RES_FPS_FBT_RESCUE_SECOND_TIME,8,15,6
PERF_RES_FPS_FBT_RESCUE_SECOND_GROUP,8,15,7
PERF_RES_FPS_FBT_RESCUE_SECOND_RESCUE_F,8,15,8
PERF_RES_FPS_FBT_RESCUE_F_OPP,8,15,9
PERF_RES_FPS_FBT_RESCUE_SECOND_GAME_ENABLE,8,15,10
PERF_RES_FPS_FBT_RESCUE_SECOND_ENABLE_BY_PID,8,15,11
PERF_RES_FPS_FPSGO_ADJ_LOADING,8,16,0
PERF_RES_FPS_FPSGO_ADJ_CNT,8,16,1
PERF_RES_FPS_FPSGO_ADJ_DEBNC_CNT,8,16,2
PERF_RES_FPS_FPSGO_ADJ_LOADING_TIMEDIFF,8,16,3
PERF_RES_FPS_FPSGO_ADJ_LOADING_HWUI_HINT,8,16,4
PERF_RES_FPS_FPSGO_LLF_TH,8,17,0
PERF_RES_FPS_FPSGO_LLF_POLICY,8,17,1
PERF_RES_FPS_FPSGO_LLF_LIGHT_LOADING_POLICY,8,17,2
PERF_RES_FPS_FPSGO_LLF_POLICY_90,8,17,3
PERF_RES_FPS_FPSGO_LLF_LIGHT_LOADING_POLICY_90,8,17,4
PERF_RES_FPS_FPSGO_LLF_POLICY_120,8,17,5
PERF_RES_FPS_FPSGO_LLF_LIGHT_LOADING_POLICY_120,8,17,6
PERF_RES_FPS_FPSGO_LLF_LOADING_IGNORE_ENABLE,8,17,7
PERF_RES_FPS_FPSGO_LLF_POLICY_BY_PID,8,17,8
PERF_RES_FPS_FPSGO_LLF_TH_BY_PID,8,17,10
PERF_RES_FPS_FPSGO_LLF_LIGHT_LOADING_POLICY_BY_PID,8,17,12
PERF_RES_FPS_FBT_SEPERATECAP_ENABLE,8,17,13
PERF_RES_FPS_FBT_LIMIT_UCLAMP,8,17,14
PERF_RES_FPS_FBT_LIMIT_R_UCLAMP,8,17,15
PERF_RES_FPS_FBT_LIMIT_UCLAMP_M,8,17,16
PERF_RES_FPS_FBT_LIMIT_R_UCLAMP_M,8,17,17
PERF_RES_FPS_FBT_SEPARATE_AA_BY_PID,8,17,18
PERF_RES_FPS_FBT_LIMIT_UCLAMP_BY_PID,8,17,19
PERF_RES_FPS_FBT_LIMIT_RUCLAMP_BY_PID,8,17,20
PERF_RES_FPS_FBT_LIMIT_UCLAMP_M_BY_PID,8,17,21
PERF_RES_FPS_FBT_LIMIT_RUCLAMP_M_BY_PID,8,17,22
PERF_RES_FPS_FBT_SEPARATE_RELEASE_SEC,8,17,23
PERF_RES_FPS_FBT_SEPARATE_RELEASE_SEC_BY_PID,8,17,24
PERF_RES_FPS_FBT_SEPARATE_PCT_M_BY_PID,8,17,25
PERF_RES_FPS_FBT_SEPARATE_PCT_B_BY_PID,8,17,26
PERF_RES_FPS_FBT_BLC_BOOST,8,17,27
PERF_RES_FPS_FBT_BLC_BOOST_BY_PID,8,17,28
PERF_RES_FPS_FBT_LIMIT_CFREQ2CAP_BY_PID,8,17,29
PERF_RES_FPS_FBT_LIMIT_RFREQ2CAP_BY_PID,8,17,30
PERF_RES_FPS_FBT_LIMIT_CFREQ2CAP_M_BY_PID,8,17,31
PERF_RES_FPS_FBT_LIMIT_RFREQ2CAP_M_BY_PID,8,17,32
PERF_RES_FPS_FPSGO_DEP_FRAMES,8,18,0
PERF_RES_FPS_FPSGO_SP_NAME_ID,8,18,1
PERF_RES_FPS_FPSGO_SP_SUB,8,18,2
PERF_RES_FPS_FPSGO_SP_CK_PERIOD,8,18,3
PERF_RES_FPS_FPSGO_SUB_QUE_DEQUE_PERIOD,8,18,4
PERF_RES_FPS_FPSGO_EMA_DIVIDEND,8,18,5
PERF_RES_FPS_FPSGO_STDDEV_MULTI,8,18,6
PERF_RES_FPS_FPSGO_UBOOST,8,18,7
PERF_RES_FPS_FPSGO_UBOOST_F,8,18,8
PERF_RES_FPS_GBE1_ENABLE,8,19,0
PERF_RES_FPS_GBE2_ENABLE,8,19,1
PERF_RES_FPS_GBE2_TIMER2_MS,8,19,2
PERF_RES_FPS_GBE2_LOADING_TH,8,19,3
PERF_RES_FPS_GBE2_MAX_BOOST_CNT,8,19,4
PERF_RES_FPS_GBE_POLICY_MASK,8,19,5
PERF_RES_FPS_GBE2_TIMER1_MS,8,19,6
PERF_RES_FPS_GBE_THRM_HDRM_THRS,8,19,7
PERF_RES_FPS_GBE_CPU_1,8,19,8
PERF_RES_FPS_GBE_CPU_0,8,19,9
PERF_RES_FPS_FPSGO_IDLEPREFER,8,20,0
PERF_RES_FPS_FPSGO_THRM_TEMP_TH,8,21,0
PERF_RES_FPS_FPSGO_THRM_LIMIT_CPU,8,21,1
PERF_RES_FPS_FPSGO_THRM_SUB_CPU,8,21,2
PERF_RES_FPS_FPSGO_THRM_ACTIVATE_FPS,8,21,3
PERF_RES_FPS_FPSGO_THRM_ENABLE,8,21,4
PERF_RES_FPS_FPSGO_CM_BIG_CAP,8,22,0
PERF_RES_FPS_FPSGO_CM_TDIFF,8,22,1
PERF_RES_FPS_FPSGO_CM_BIG_CAP_90,8,22,2
PERF_RES_FPS_FPSGO_CM_TDIFF_90,8,22,3
PERF_RES_FPS_FPSGO_CM_BIG_CAP_120,8,22,4
PERF_RES_FPS_FPSGO_CM_TDIFF_120,8,22,5
PERF_RES_FPS_FPSGO_BOOST_AFFINITY,8,23,0
PERF_RES_FPS_FPSGO_BOOST_AFFINITY_90,8,23,1
PERF_RES_FPS_FPSGO_BOOST_AFFINITY_120,8,23,2
PERF_RES_FPS_FPSGO_BOOST_LR,8,23,3
PERF_RES_FPS_FBT_BOOST_AFFINITY_BY_PID,8,23,4
PERF_RES_FPS_FBT_BOOST_LR_BY_PID,8,23,5
PERF_RES_FPS_FBT_RESET_TASKMASK_BY_PID,8,23,6
PERF_RES_FPS_FPSGO_SPID,8,24,0
PERF_RES_FPS_FBT_LIMIT_CFREQ,8,25,0
PERF_RES_FPS_FBT_LIMIT_RFREQ,8,25,1
PERF_RES_FPS_FBT_LIMIT_CFREQ_M,8,25,2
PERF_RES_FPS_FBT_LIMIT_RFREQ_M,8,25,3
PERF_RES_FPS_FBT_CEILING_ENABLE,8,25,4
PERF_RES_FPS_FBT_MINITOP_ENABLE,8,25,5
PERF_RES_FPS_FBT_MINITOP_THRS_HEAVY,8,25,6
PERF_RES_FPS_FBT_FILTERFRAME_ENABLE,8,25,7
PERF_RES_FPS_FBT_FILTER_FRAME_ENABLE_BY_PID,8,25,8
PERF_RES_FPS_L_MIN_CAP_ENABLE,8,25,9
PERF_RES_FPS_FBT_QR_ENABLE,8,26,0
PERF_RES_FPS_FBT_QR_HWUI_HINT,8,26,1
PERF_RES_FPS_FBT_QR_T2WNT_X,8,26,2
PERF_RES_FPS_FBT_QR_T2WNT_Y_P,8,26,3
PERF_RES_FPS_FBT_QR_T2WNT_Y_N,8,26,4
PERF_RES_FPS_FBT_QR_T2WNT_X_90,8,26,5
PERF_RES_FPS_FBT_QR_T2WNT_Y_P_90,8,26,6
PERF_RES_FPS_FBT_QR_T2WNT_Y_N_90,8,26,7
PERF_RES_FPS_FBT_QR_T2WNT_X_120,8,26,8
PERF_RES_FPS_FBT_QR_T2WNT_Y_P_120,8,26,9
PERF_RES_FPS_FBT_QR_T2WNT_Y_N_120,8,26,10
PERF_RES_FPS_FBT_QR_ENABLE_BY_PID,8,26,11
PERF_RES_FPS_FBT_QR_T2WNT_X_BY_PID,8,26,12
PERF_RES_FPS_FBT_QR_T2WNT_Y_P_BY_PID,8,26,13
PERF_RES_FPS_FBT_QR_T2WNT_Y_N_BY_PID,8,26,14
PERF_RES_FPS_FBT_GCC_ENQ_BOUND_THRS,8,27,1
PERF_RES_FPS_FBT_GCC_ENQ_BOUND_QUOTA,8,27,2
PERF_RES_FPS_FBT_GCC_DEQ_BOUND_THRS,8,27,3
PERF_RES_FPS_FBT_GCC_DEQ_BOUND_QUOTA,8,27,4
PERF_RES_FPS_FBT_GCC_FPS_MARGIN,8,27,5
PERF_RES_FPS_FBT_GCC_UP_SEC_PCT,8,27,6
PERF_RES_FPS_FBT_GCC_DOWN_STEP,8,27,7
PERF_RES_FPS_FBT_GCC_UPPER_CLAMP,8,27,8
PERF_RES_FPS_FBT_GCC_UP_QUOTA_PCT,8,27,9
PERF_RES_FPS_FBT_GCC_DOWN_QUOTA_PCT,8,27,10
PERF_RES_FPS_FBT_GCC_POSITIVE_CLAMP,8,27,11
PERF_RES_FPS_FBT_GCC_DOWN_SEC_PCT,8,27,12
PERF_RES_FPS_FBT_GCC_UP_STEP,8,27,13
PERF_RES_FPS_FBT_GCC_HWUI_HINT,8,27,14
PERF_RES_FPS_FBT_GCC_ENABLE_BY_PID,8,27,15
PERF_RES_FPS_FBT_GCC_FPS_MARGIN_BY_PID,8,27,16
PERF_RES_FPS_FBT_GCC_ENQ_BOUND_THRS_BY_PID,8,27,17
PERF_RES_FPS_FBT_GCC_ENQ_BOUND_QUOTA_BY_PID,8,27,18
PERF_RES_FPS_FBT_GCC_DEQ_BOUND_THRS_BY_PID,8,27,19
PERF_RES_FPS_FBT_GCC_DEQ_BOUND_QUOTA_BY_PID,8,27,20
PERF_RES_FPS_FBT_GCC_UP_SEC_PCT_BY_PID,8,27,21
PERF_RES_FPS_FBT_GCC_UP_STEP_BY_PID,8,27,22
PERF_RES_FPS_FBT_GCC_DOWN_STEP_BY_PID,8,27,23
PERF_RES_FPS_FBT_GCC_DOWN_SEC_PCT_BY_PID,8,27,24
PERF_RES_FPS_FBT_GCC_UP_QUOTA_PCT_BY_PID,8,27,25
PERF_RES_FPS_FBT_GCC_DOWN_QUOTA_PCT_BY_PID,8,27,26
PERF_RES_FPS_FBT_GCC_QR_FILTER_OUTLIER,8,27,27
PERF_RES_FRS_ENABLE,8,28,0
PERF_RES_FRS_THRESHOLD,8,28,1
PERF_RES_FRS_TARGET_TEMP,8,28,2
PERF_RES_FRS_MAX_FPS,8,28,3
PERF_RES_FRS_MIN_FPS,8,28,4
PERF_RES_FRS_CEILING,8,28,5
PERF_RES_FRS_CEILING_TH,8,28,6
PERF_RES_FRS_PTIME,8,28,7
PERF_RES_FRS_OT_PTIME,8,28,8
PERF_RES_FRS_THROTTLED,8,28,9
PERF_RES_FRS_OT_THROTTLED,8,28,10
PERF_RES_FRS_MAX_THROTTLED_FPS,8,28,11
PERF_RES_FRS_FPS_RATIO,8,28,12
PERF_RES_FRS_FPS_RATIO_STEP,8,28,13
PERF_RES_FRS_MODE,8,28,14
PERF_RES_FRS_MAX_FPS_DIFF,8,28,15
PERF_RES_FRS_UR_PTIME,8,28,16
PERF_RES_FRS_URGENT_TEMP_OFFSET,8,28,17
PERF_RES_FRS_TZ_INDEX,8,28,18
PERF_RES_FRS_SYS_CEILING_ENABLE,8,28,19
PERF_RES_FRS_COLD_THRESHOLD,8,28,20
PERF_RES_FRS_LIMIT_CFREQ,8,28,21
PERF_RES_FRS_LIMIT_RFREQ,8,28,22
PERF_RES_FRS_LIMIT_CFREQ_M,8,28,23
PERF_RES_FRS_LIMIT_RFREQ_M,8,28,24
PERF_RES_FRS_CT_PTIME,8,28,25
PERF_RES_FRS_MIN_FPS_TARGET_TEMP,8,28,26
PERF_RES_FPS_FPSGO_MARGIN_MODE_GPU,8,29,0
PERF_RES_FPS_FPSGO_MARGIN_MODE_GPU_DBNC_A,8,29,1
PERF_RES_FPS_FPSGO_MARGIN_MODE_GPU_DBNC_B,8,29,2
PERF_RES_FPS_FPSGO_EMA2_ENABLE,8,30,0
PERF_RES_FPS_FPSGO_EMA2_ENABLE_BY_PID,8,30,1
PERF_RES_FPS_FSTB_SELF_CTRL_FPS_ENABLE,8,31,0
PERF_RES_FPS_FSTB_CONSIDER_DEQ,8,31,1
PERF_RES_FPS_FSTB_TFPS_TO_POWERHAL_ENABLE,8,32,0
PERF_RES_FPS_FSTBV2_ENABLE_BY_PID,8,32,1
PERF_RES_FPS_FSTB_GPU_SLOWDOWN_CHECK,8,32,2
PERF_RES_FPS_FPSGO_SET_VIDEO_PID,8,33,0
PERF_RES_FPS_FPSGO_CLEAR_VIDEO_PID,8,33,1
PREF_RES_FPS_FSTB_NOTIFY_FPS_BY_PID,8,34,0
PERF_RES_FPS_FBT_CAM_RESCUE_PCT_1,8,35,0
PERF_RES_FPS_FBT_CAM_RESCUE_PCT_2,8,35,1
PERF_RES_FPS_FBT_CAM_RESCUE_F_1,8,35,2
PERF_RES_FPS_FBT_CAM_RESCUE_F_2,8,35,3
PERF_RES_FPS_FBT_CAM_GCC_HISTORY_WINDOW,8,35,4
PERF_RES_FPS_FBT_CAM_GCC_STD_FILTER,8,35,5
PERF_RES_FPS_FBT_CAM_GCC_UP_CHECK,8,35,6
PERF_RES_FPS_FBT_CAM_GCC_UP_THRS,8,35,7
PERF_RES_FPS_FBT_CAM_GCC_UP_STEP,8,35,8
PERF_RES_FPS_FBT_CAM_GCC_DOWN_CHECK,8,35,9
PERF_RES_FPS_FBT_CAM_GCC_DOWN_THRS,8,35,10
PERF_RES_FPS_FBT_CAM_GCC_DOWN_STEP,8,35,11
PERF_RES_FPS_FBT_CAM_GCC_ENABLE,8,35,12
PERF_RES_DISP_DFPS_MODE,9,0,0
PERF_RES_DISP_DFPS_FPS,9,0,1
PERF_RES_DISP_VIDEO_MODE,9,1,0
PERF_RES_DISP_DECOUPLE,9,2,0
PERF_RES_DISP_IDLE_TIME,9,3,0
PERF_RES_VIDEO_COLOR_CONVERT_MODE,9,4,0
PERF_RES_DISP_LPHRT_MODE,9,5,0
PERF_RES_VIDEO_HIGH_CPU_FREQ_MODE,9,6,0
PERF_RES_VIDEO_LOW_LATENCY_MODE,9,7,0
PERF_RES_NET_WIFI_CAM,10,0,0
PERF_RES_NET_WIFI_LOW_LATENCY,10,1,0
PERF_RES_NET_WIFI_SMART_PREDICT,10,1,1
PERF_RES_NET_WIFI_TWT_SMART_STA,10,1,2
PERF_RES_NET_WIFI_INFO_DELAY_BOUND_UDP,10,1,3
PERF_RES_NET_WIFI_INFO_DELAY_BOUND_TCP,10,1,4
PERF_RES_NET_WIFI_INFO_PHY_RATE,10,1,5
PERF_RES_NET_WIFI_INFO_PRIORITY_UDP,10,1,6
PERF_RES_NET_WIFI_INFO_PRIORITY_TCP,10,1,7
PERF_RES_NET_WIFI_INFO_MONITOR_PROTOCOL,10,1,8
PERF_RES_NET_NETD_BOOST_UID,10,2,0
PERF_RES_NET_NETD_BLOCK_UID,10,2,1
PERF_RES_NET_NETD_BOOST_UID_2,10,2,2
PERF_RES_NET_MD_LOW_LATENCY,10,3,0
PERF_RES_NET_MD_GAME_MODE,10,3,1
PERF_RES_NET_MD_CERT_PID,10,3,2
PERF_RES_NET_MD_CRASH_PID,10,3,3
PERF_RES_NET_MD_WEAK_SIG_OPT,10,3,4
PERF_RES_NET_MD_HSR_MODE,10,3,5
PERF_RES_NET_BT_AUDIO_LOW_LATENCY,10,4,0
PERF_RES_IO_BOOST_VALUE,11,0,0
PERF_RES_IO_UCLAMP_MIN,11,0,1
PERF_RES_IO_UTIL_MIN,11,0,2
PERF_RES_IO_F2FS_UFS_BOOST,11,1,0
PERF_RES_IO_F2FS_EMMC_BOOST,11,2,0
PERF_RES_IO_BLKDEV_READAHEAD,11,3,0
PERF_RES_IO_EXT4_DATA_BOOST,11,4,0
PERF_RES_IO_DATA_FS_BOOST,11,5,0
PERF_RES_IO_UFS_CLK_SCALE,11,6,0
PERF_RES_IO_PERF_MODE,11,7,0
PERF_RES_THERMAL_POLICY,12,0,0
PERF_RES_UX_PREDICT_LOW_LATENCY,12,1,0
PERF_RES_UX_PREDICT_GAME_MODE,12,1,1
PERF_RES_UX_SCROLL_SAVE_POWER,12,1,2
PERF_RES_UX_SBE_RESCUE_ENHANS,12,1,3
PERF_RES_CFP_ENABLE,12,2,0
PERF_RES_CFP_POLLING_MS,12,2,1
PERF_RES_CFP_UP_LOADING,12,2,2
PERF_RES_CFP_DOWN_LOADING,12,2,3
PERF_RES_CFP_UP_TIME,12,2,4
PERF_RES_CFP_DOWN_TIME,12,2,5
PERF_RES_CFP_UP_OPP,12,2,6
PERF_RES_CFP_DOWN_OPP,12,2,7
PERF_RES_PERF_TASK_TURBO,12,3,0
PERF_RES_TOUCH_CHANGE_RATE,12,4,0
PERF_RES_THERMAL_SPORTS_CG_POLICY,12,5,0
PERF_RES_MAGT_THERMAL_AWARE_THRESHOLD,12,6,0
PERF_RES_MAGT_FPSDROP_AWARE_THRESHOLD,12,6,1
PERF_RES_MAGT_ADVICE_BAT_AVG_CURRENT,12,6,2
PERF_RES_MAGT_ADVICE_BAT_MAX_CURRENT,12,6,3
PERF_RES_POWERHAL_SCREEN_OFF_STATE,13,0,0
PERF_RES_POWERHAL_SCN_CRASH,13,0,1
PERF_RES_POWERHAL_SPORTS_MODE,13,1,0
PERF_RES_POWERHAL_SPORTS_MODE_APP_SMART_MODE,13,1,1
PERF_RES_POWERHAL_GAME_MODE_ENABLE,13,1,2
PERF_RES_POWERHAL_TOUCH_BOOST_OPP,13,2,0
PERF_RES_POWERHAL_TOUCH_BOOST_DURATION,13,2,1
PERF_RES_POWERHAL_TOUCH_BOOST_ACTIVE_TIME,13,2,2
PERF_RES_POWERHAL_TOUCH_BOOST_EAS_BOOST,13,2,3
PERF_RES_POWERHAL_TOUCH_BOOST_TIME_TO_LAST_TOUCH,13,2,4
PERF_RES_POWERHAL_TOUCH_BOOST_ENABLE,13,2,5
PERF_RES_POWERHAL_TOUCH_BOOST_NOTIFY_FBC,13,2,6
PERF_RES_POWERHAL_TOUCH_BOOST_DEBOOST_WHEN_RENDER,13,2,7
PERF_RES_POWERHAL_TOUCH_BOOST_CLUSTER_0_OPP,13,2,8
PERF_RES_POWERHAL_TOUCH_BOOST_CLUSTER_1_OPP,13,2,9
PERF_RES_POWERHAL_TOUCH_BOOST_CLUSTER_2_OPP,13,2,10
PERF_RES_POWERHAL_TOUCH_BOOST_NOTIFY_TOUCH_EVENT,13,2,11
PERF_RES_POWERHAL_TOUCH_BOOST_EAS_BOOST_FG,13,2,12
PERF_RES_POWERHAL_TOUCH_BOOST_PREFER_IDLE_TA,13,2,13
PERF_RES_POWERHAL_TOUCH_BOOST_PREFER_IDLE_FG,13,2,14
PERF_RES_POWERHAL_WHITELIST_APP_LAUNCH_TIME_COLD,13,3,0
PERF_RES_POWERHAL_WHITELIST_APP_LAUNCH_TIME_WARM,13,3,1
PERF_RES_POWERHAL_WHITELIST_ACT_SWTICH_TIME,13,3,2
PERF_RES_POWER_HINT_HOLD_TIME,13,4,0
PERF_RES_POWER_HINT_EXT_HINT,13,4,1
PERF_RES_POWER_HINT_EXT_HINT_HOLD_TIME,13,4,2
PERF_RES_POWER_END_HINT_HOLD_TIME,13,4,3
PERF_RES_POWER_HINT_INSTALL_MAX_DURATION,13,4,4
PERF_RES_POWERHAL_HIDE_LOG,13,5,0
PERF_RES_APPLIST_FPS_TOLERANCE_PERCENT,13,6,0
PERF_RES_CUSTOM_RESOURCE_1,64,0,0
PERF_RES_KSWAPD_AFFINITY,64,0,7
